president,fiscal,total,share
AF,278,6264,0.04438058748403576
Macri,152,5247,0.028968934629311986
Milei,1542,4686,0.3290653008962868
