president,fiscal,total,share,ideology,ideology_share
AF,294,6264,0.04693486590038314,386,0.06162196679438059
Macri,165,5247,0.031446540880503145,129,0.024585477415666093
Milei,2142,4686,0.45710627400768244,1244,0.26547161758429366
